BAT T90 [sec],BAT Fluence (15-150 keV) [10^-7 erg/cm^2],BAT 1-sec Peak Photon Flux (15-150 keV) [ph/cm^2/sec],BAT Photon Index,"CPL=1, PL=0",XRT Early Flux (0.3-10 keV) [10^-11 erg/cm^2/s],XRT 11 Hour Flux (0.3-10 keV) [10^-11 erg/cm^2/s],XRT 24 Hour Flux (0.3-10 keV) [10^-11 erg/cm^2/s],XRT Initial Temporal Index,XRT Spectral Index (Gamma),XRT Column Density (NH) [10^21 cm^-2],V Mag,V Mag=1 Limit=0,B Mag,B Mag=1 Limit=0,UVW1 Mag,UVW1 Mag=1 Limit=0,UVM2 Mag,UVM2 Mag=1 Limit=0,UVW2 Mag,UVW2 Mag=1 Limit=0,U Mag,U Mag=1 Limit=0,White Mag,White Mag=1 Limit=0,Redshift
549.9,53,0.9,1.73,0.0,607,0.13118196599999998,0.083225016,-5.102,1.9344700000000001,3.9437300000000004,20.3,1.0,19.8,1.0,19.4,1.0,20.4,1.0,21.2,1.0,19.4,1.0,20.2,1.0,1.47
200,68,2.5,1.52,0.0,1180,0.30204002,0.11431446,-0.6735,1.9525599999999999,13.4825,18.9,0.0,20.3,0.0,20.1,0.0,20.7,0.0,20.9,0.0,19.7,0.0,20.0,1.0,2.9929999999999999
3.92,6.7,6.1,1.86,0.0,-1000.0,0.00654696,0.0013689942,-0.6939,1.7949599999999999,3.14274484708,18.9,1.0,18.9,1.0,18.6,1.0,20.5,0.0,20.6,1.0,17.9,1.0,17.6,1.0,0.57299999999999995
79.2,43,2.5,1.72,0.0,54.6,0.13477992,0.06075402,-3.069,2.00735,3.02766,-1000.0,-1000.0,-1000.0,-1000.0,-1000.0,-1000.0,-1000.0,-1000.0,-1000.0,-1000.0,16.6,1.0,16.6,1.0,1.21
0.30,1.4,2.5,1.99,0.0,10,0.124650474,0.049621749,-0.186,1.63218,1.198516,18.9,0.0,20.0,0.0,18.4,0.0,18.8,0.0,18.6,0.0,18.2,0.0,21.0,0.0,0.35099999999999998
3.52,2.3,1.9,2.0,0.0,-1000.0,0.02227047,0.011395668,-0.8588,1.9939099999999998,3.304507,19.8,0.0,20.3,0.0,20.7,0.0,20.8,0.0,19.7,0.0,20.5,0.0,20.7,0.0,0.55800000000000005
67.1,39,2.8,1.74,0.0,1120,0.27815316,0.019339226,-0.08587,1.8275599999999999,7.4104399999999995,19.3,0.0,20.2,0.0,19.7,0.0,20.2,0.0,20.7,0.0,20.1,0.0,20.5,0.0,3.1400000000000001
42.0,24,4.2,1.86,0.0,60.8,0.05643627,0.008454501,-0.7484,1.95996,5.529669999999999,15.2,1.0,15.7,1.0,17.5,1.0,17.5,0.0,18.0,0.0,14.8,1.0,14.7,1.0,2.2749999999999999
0.13,0.27,0.6,-1000.0,-1000.0,-1000.0,6.518467e-17,0.000000000000000000368344,-6.634,1.5546,0.547200249501,19.6,0.0,20.1,0.0,19.6,0.0,20.6,0.0,-1000.0,-1000.0,20.2,0.0,21.2,0.0,0.95899999999999996
720,13,-1000.0,1.5,0.0,73.4,0.031932147,0.009170811,-1.779,1.77015,1.1050499999999998e-09,19.1,0.0,19.6,0.0,19.1,0.0,18.9,0.0,20.4,0.0,20.5,0.0,21.6,0.0,4.2329999999999997
60.5,10,1.0,0.92,1.0,367,0.02263924,0.006953646,-3.423,1.93772,28.9394,20.2,0.0,22.0,0.0,21.4,0.0,21.1,0.0,21.3,0.0,21.6,0.0,22.6,0.0,4.7069999999999999
23.4,5.9,0.9,0.98,1.0,-1000.0,5.252004e-07,0.0000000618408,-2.742,1.7855299999999998,23.3841,19.7,0.0,20.6,0.0,20.9,0.0,20.6,0.0,20.5,0.0,20.9,0.0,21.5,0.0,6.3300000000000001
154.8,140,6.8,1.45,0.0,2970,1.027104,0.27430845,-0.9989,1.8430400000000002,2.129332,15.9,1.0,16.8,1.0,-1000.0,-1000.0,18.7,0.0,19.0,0.0,19.0,1.0,16.9,1.0,0.72499999999999998
111.1,28,10.9,1.68,0.0,1010,0.47370959999999995,0.2242464,-1.397,1.74751,6.57119,19.8,1.0,19.4,1.0,18.6,1.0,18.9,0.0,19.4,0.0,17.5,1.0,17.8,1.0,0.88900000000000001
173.6,11,2.5,2.0,0.0,399,0.09087309,0.05066721,-4.128,2.15785,4.76398,18.6,0.0,19.7,1.0,20.4,1.0,19.9,0.0,19.4,0.0,19.4,1.0,19.6,1.0,1.6000000000000001
17.42,3.4,0.6,1.54,0.0,-1000.0,-1000.0,-1000.0,-0.92,-1000.0,-1000.0,20.3,0.0,21.4,0.0,20.5,0.0,-1000.0,-1000.0,-1000.0,-1000.0,19.5,0.0,21.2,0.0,4.7000000000000002
134,94,2.1,1.33,0.0,-1000.0,0.15913447,0.04990597,-0.9684,2.06486,6.5987800000000005,19.3,1.0,19.9,1.0,21.7,0.0,20.7,0.0,22.1,0.0,21.3,0.0,19.8,1.0,3.2599999999999998
94.7,160,4.9,1.21,0.0,509,0.4290475,0.1289862,-1.214,1.87322,10.9886,16.1,1.0,18.4,1.0,18.1,0.0,-1000.0,-1000.0,-1000.0,-1000.0,21.0,0.0,16.2,1.0,3.956
8.43,2.9,0.5,1.35,0.0,36.3,0.018975744,0.009011779,-0.4863,2.3071900000000003,1.9049049999999998,19.6,0.0,20.9,0.0,20.5,0.0,21.2,0.0,20.7,0.0,20.1,0.0,21.9,0.0,1.02
71.4,23,1.3,1.67,0.0,-1000.0,0.1014624,0.036819588,-1.299,1.6266399999999999,1.39543e-11,19.0,0.0,21.3,0.0,19.8,0.0,-1000.0,-1000.0,21.2,0.0,-1000.0,-1000.0,22.0,0.0,4.9539999999999997
15.6,12,1.7,1.29,0.0,62.8,0.03578112,0.020826288,-0.2235,2.01927,30.237,19.5,0.0,-1000.0,-1000.0,19.7,0.0,20.1,0.0,20.0,0.0,20.9,0.0,-1000.0,-1000.0,5.2830000000000004
31.0,4.4,0.7,1.96,0.0,338,0.0317709,0.01719468,-3.607,2.42752,7.3669899999999995,18.7,0.0,19.2,0.0,17.9,0.0,-1000.0,-1000.0,17.8,0.0,20.7,0.0,21.1,0.0,1.4159999999999999
60.0,120,23.5,1.8,0.0,-1000.0,0.7646854000000001,0.34985992,-1.002,1.9665700000000002,0.981457,18.0,1.0,18.4,1.0,17.6,1.0,17.7,1.0,18.4,1.0,18.8,1.0,18.0,1.0,1.2076
93.6,160,19.4,1.04,1.0,962,0.9705655999999999,0.36156924,-0.6942,1.8813400000000002,10.1231,15.7,1.0,16.5,1.0,20.9,0.0,21.2,0.0,21.0,0.0,16.1,1.0,15.8,1.0,2.73
11.00,2.5,0.7,0.4,1.0,-1000.0,0.021481284,0.010059885,-0.9724,2.15896,10.3919,20.0,0.0,20.6,0.0,20.4,0.0,20.0,0.0,20.5,0.0,20.7,0.0,20.1,1.0,4.0419999999999998
112.3,71,3.5,1.45,0.0,-1000.0,0.1119492,0.04543945,-8,2.2497599999999998,2.12567,19.3,0.0,19.9,0.0,19.4,0.0,18.4,0.0,19.5,0.0,19.8,0.0,22.0,0.0,1.6859999999999999
17.3,8.2,1.5,1.97,0.0,131,0.07515963,0.031224648,1.5,2.1927,3.5807300000000004,20.0,0.0,21.6,1.0,20.6,0.0,-1000.0,-1000.0,19.8,0.0,18.9,1.0,19.4,1.0,0.59550000000000003
41.1,290,28.1,1.3,0.0,5430,0.475692,0.1693902,-2.96,2.0946599999999997,0.6946829999999999,15.9,1.0,16.3,1.0,-1000.0,-1000.0,16.6,1.0,17.9,1.0,-1000.0,-1000.0,16.1,1.0,1.2929999999999999
1.54,2.8,3.4,1.81,0.0,-1000.0,0.01474704,0.006689178,-1.013,2.2143599999999997,2.62515,20.2,0.0,21.0,0.0,20.9,0.0,20.8,0.0,21.0,0.0,20.7,1.0,20.1,1.0,0.71699999999999997
-1000.0,410,7.3,1.85,1.0,5860,1.9280701,0.9726881,-3.243,2.69002,9.80725,20.0,0.0,-1000.0,-1000.0,21.1,0.0,-1000.0,-1000.0,20.7,0.0,20.4,0.0,-1000.0,-1000.0,0.34799999999999998
360,1400,25.6,1.17,0.0,6330,2.6719718999999995,0.5314296,-0.5477,1.9905400000000002,1.7917299999999998,16.2,1.0,16.7,1.0,18.5,1.0,19.2,0.0,18.7,0.0,15.8,1.0,15.4,1.0,1.238
32.5,65,13.6,1.93,0.0,88.7,0.23422308,0.10099206,-3.677,1.7944900000000001,0.0703922,14.4,1.0,14.9,1.0,13.9,1.0,13.6,1.0,14.8,1.0,13.9,1.0,-1000.0,-1000.0,0.47910000000000003
4.38,44,17.1,0.9,1.0,136,0.09600966,0.034662612,-1.798,1.9213,0.5102220000000001,19.0,1.0,19.6,1.0,-1000.0,-1000.0,-1000.0,-1000.0,20.0,1.0,15.5,1.0,-1000.0,-1000.0,1.155
4.0,2.3,1.7,0.14,1.0,92.2,0.010768527,0.004891128,-1.012,2.1873400000000003,7.8525100000000005,20.6,0.0,21.3,0.0,21.6,0.0,21.6,0.0,21.1,0.0,19.6,1.0,18.9,1.0,2.0059999999999998
46.4,25,1.7,1.27,0.0,43.7,0.026318754,0.010466968,-1.182,2.04497,2.63573,20.0,0.0,-1000.0,-1000.0,19.0,0.0,21.0,0.0,20.6,0.0,17.6,1.0,19.5,1.0,2.0920000000000001
276.58,29,2.6,1.52,0.0,164,0.07761601,0.018112425,-0.6415,1.86465,0.177676,20.6,0.0,20.7,0.0,21.1,0.0,20.5,0.0,20.1,0.0,20.4,0.0,22.1,0.0,5.9134000000000002
37.7,14,0.8,1.51,0.0,176,0.0010726260000000001,0.00022190936,-2.02,2.08823,2.23996,20.3,0.0,21.5,0.0,20.0,0.0,19.7,0.0,21.3,0.0,20.0,0.0,21.8,0.0,1.0600000000000001
0.18,6.3,6.4,0.82,0.0,-1000.0,0.03986819999999999,0.011380392,-0.3536,2.20112,2.25766,19.8,0.0,21.1,1.0,20.6,0.0,20.4,0.0,20.6,1.0,20.8,1.0,20.8,1.0,0.35649999999999998
59.4,51,3.0,1.39,1.0,1200,0.12047816,0.047773,-1.451,1.91315,3.4327699999999997,19.9,0.0,20.8,0.0,20.7,0.0,20.7,0.0,20.5,0.0,21.0,0.0,21.7,0.0,1.25
-1000.0,-1000.0,-1000.0,-1000.0,-1000.0,-1000.0,0.16697043,0.05006925,-1.544,2.1484099999999997,2.17708,-1000.0,-1000.0,-1000.0,-1000.0,-1000.0,-1000.0,-1000.0,-1000.0,-1000.0,-1000.0,-1000.0,-1000.0,-1000.0,-1000.0,2.488
5.43,2.2,1.3,1.35,0.0,-1000.0,0.007197588,0.0019920924,-0.8409,2.0687900000000004,1.0319399999999999,-1000.0,-1000.0,-1000.0,-1000.0,-1000.0,-1000.0,-1000.0,-1000.0,-1000.0,-1000.0,-1000.0,-1000.0,-1000.0,-1000.0,1.3032999999999999
88,210,30.0,1.18,0.0,735,2.1814356,0.5711476,0.6425,1.92439,0.524335,17.5,1.0,17.7,1.0,19.2,1.0,19.6,0.0,19.9,0.0,14.6,1.0,17.9,1.0,2.27
27.0,15,3.0,1.64,0.0,115,0.019117137,0.0037106979,-1.712,1.8144,0.44452598,-1000.0,-1000.0,-1000.0,-1000.0,-1000.0,-1000.0,-1000.0,-1000.0,-1000.0,-1000.0,-1000.0,-1000.0,-1000.0,-1000.0,2.7799999999999998
162.83,3100,331.0,1.21,0.0,43800,9.83052,3.329276,-2.787,1.7864400000000002,0.977721,12.1,1.0,12.6,1.0,11.2,1.0,11.2,1.0,11.2,1.0,11.8,1.0,13.8,1.0,0.33989999999999998
123.5,71,3.4,1.52,1.0,-1000.0,0.12857126,0.05403455,-0.7519,2.2955900000000002,0.6203810000000001,17.6,1.0,18.1,1.0,17.5,1.0,18.3,1.0,18.5,1.0,17.1,1.0,17.1,1.0,1.2969999999999999
300,18,0.6,2.07,0.0,155,0.09930438,0.03376863,-0.7393,1.6868400000000001,1.32281,17.6,1.0,17.4,1.0,17.2,1.0,17.6,1.0,18.0,1.0,14.7,1.0,14.8,1.0,1.218
28,23,4.9,1.28,0.0,-1000.0,0.0561526,0.015529384,-0.4662,2.03183,0.11589300000000001,15.7,1.0,20.8,0.0,19.8,0.0,19.7,0.0,21.5,0.0,20.5,0.0,16.8,1.0,3.758
65.7,54,2.5,1.59,0.0,-1000.0,-1000.0,-1000.0,-1000.0,-1000.0,-1000.0,-1000.0,-1000.0,-1000.0,-1000.0,-1000.0,-1000.0,-1000.0,-1000.0,-1000.0,-1000.0,-1000.0,-1000.0,-1000.0,-1000.0,0.59699999999999998
4.30,3.4,1.0,1.15,0.0,-1000.0,0.018749445,0.008016333,-1.089,2.22317,3.8958699999999995,19.8,0.0,20.5,0.0,20.4,0.0,20.6,0.0,21.1,0.0,21.0,0.0,22.0,0.0,2.5390000000000001
-1000.0,4.6,0.1,2.43,0.0,121,0.00044566180000000003,0.00008566844,-5.382,2.18362,3.45225e-15,18.9,0.0,20.5,0.0,20.0,0.0,17.6,0.0,20.1,0.0,20.1,0.0,21.2,0.0,2.7069999999999999
182,13,1.0,2.36,0.0,664,0.13629805,0.0478345,-0.4783,2.0682,4.58545,19.9,0.0,20.4,1.0,20.6,1.0,20.6,1.0,21.1,0.0,19.6,1.0,19.9,1.0,1.0229999999999999
85,7.8,0.8,1.9,0.0,-1000.0,0.014522466000000001,0.005512626,-1.242,1.6224399999999999,0.95837,19.6,0.0,19.4,1.0,21.3,0.0,21.1,0.0,20.8,0.0,20.6,1.0,19.9,1.0,3.3849999999999998
23.3,69,12.9,1.32,0.0,158,0.047182800000000004,0.013250134,-2.37,1.9850400000000001,10.9723,17.0,1.0,17.5,1.0,19.6,0.0,19.6,0.0,20.0,0.0,17.3,1.0,16.1,1.0,2.2000000000000002
62.6,20,1.3,1.82,0.0,610,0.24509127,0.18853735,-2.334,2.37144,11.9499,19.5,0.0,19.7,0.0,19.8,0.0,-1000.0,-1000.0,-1000.0,-1000.0,20.6,0.0,21.5,1.0,1.7729999999999999
69,11,1.3,1.41,0.0,110,0.07719156,0.025306632,-2.114,2.00683,8.83441,18.1,0.0,18.4,1.0,18.1,0.0,17.6,0.0,18.1,0.0,18.5,0.0,-1000.0,-1000.0,2.298
-1000.0,68,1.8,1.39,0.0,755,0.21529970000000004,0.0619185,-1.209,2.0670900000000003,20.6609,20.2,0.0,21.5,0.0,21.6,0.0,21.4,0.0,21.6,0.0,21.4,0.0,20.7,1.0,3.9300000000000002
16.9,6.7,2.9,1.73,0.0,-1000.0,0.08789781,0.038013885,-0.4457,1.8202099999999999,1.10614,19.5,0.0,19.0,1.0,18.2,1.0,18.6,1.0,18.5,1.0,17.6,1.0,-1000.0,-1000.0,0.96999999999999997
9.7,4.9,2.2,2.29,0.0,-1000.0,0.1638908,0.0798164,-0.9222,1.84293,5.9214400000000005,19.3,1.0,20.1,1.0,20.2,0.0,19.9,0.0,20.3,0.0,20.5,0.0,19.9,1.0,2.3586
26.8,30,4.1,1.4,1.0,297,0.11858981,0.04829129,-4.617,1.9212099999999999,8.264569999999999,-1000.0,-1000.0,18.9,1.0,20.0,0.0,20.5,0.0,19.7,0.0,18.6,1.0,18.5,1.0,2.6709999999999998
50,19,3.0,1.21,1.0,-1000.0,0.17777088,0.13471596,-2.79,2.03526,13.2214,20.5,0.0,20.4,0.0,20.4,0.0,21.2,0.0,21.4,0.0,20.5,0.0,22.1,0.0,3.7959999999999998
71.5,24,2.9,1.62,0.0,175,0.007857444,0.0009412242,-1.12,1.8831,2.2280279999999997,15.9,1.0,16.5,1.0,18.4,1.0,18.9,1.0,17.5,1.0,15.7,1.0,15.3,1.0,0.80000000000000004
72.8,6.8,0.6,0.53,1.0,51.4,0.04020438,0.030380392,-2.825,1.86175,7.39566e-07,19.2,0.0,20.0,1.0,19.2,0.0,18.4,0.0,19.5,0.0,20.5,1.0,21.5,1.0,1.48
42.4,12,1.0,1.9,0.0,-1000.0,0.0203252,0.01037561,-0.8619,2.6211900000000004,52.5362,20.5,0.0,21.4,0.0,21.3,0.0,21.1,0.0,20.2,0.0,21.6,0.0,21.7,0.0,0.95860000000000001
159,12,0.4,1.52,0.0,159,0.0018156104999999998,0.000412731,-1.899,1.94091,0.00172307,-1000.0,-1000.0,20.5,0.0,-1000.0,-1000.0,-1000.0,-1000.0,-1000.0,-1000.0,-1000.0,-1000.0,18.4,1.0,0.39839999999999998
14.7,18,2.4,1.36,0.0,-1000.0,0.02334,0.007476736,-0.9041,2.20811,9.62723,16.7,1.0,21.8,0.0,22.0,0.0,22.1,0.0,22.1,0.0,22.1,0.0,18.9,1.0,4.1745000000000001
192,283,5.5,1.17,0.0,-1000.0,0.04401475,0.017668221,-1.17,2.71829,3.37393,-1000.0,-1000.0,-1000.0,-1000.0,-1000.0,-1000.0,-1000.0,-1000.0,-1000.0,-1000.0,-1000.0,-1000.0,-1000.0,-1000.0,2.1974
5.35,2.3,0.6,1.19,0.0,312,0.01374254,0.01123796,-6.226,2.32199,6.819270000000001e-05,19.4,0.0,20.7,0.0,-1000.0,-1000.0,19.2,1.0,18.9,1.0,19.8,1.0,20.5,1.0,0.28253
38.7,16,1.2,1.85,0.0,73.4,0.021299642,0.0052762,-2.17,1.89579,5.12667,17.6,1.0,19.2,1.0,20.3,0.0,21.5,0.0,22.1,0.0,19.9,1.0,19.4,1.0,2.8759999999999999
62.9,36,3.9,1.52,0.0,541,0.07595896,0.023957956,-2.963,1.75797,14.6619,15.6,1.0,16.9,1.0,19.0,0.0,19.2,0.0,19.6,0.0,18.0,1.0,-1000.0,-1000.0,2.8144999999999998
69.6,26,4.6,1.41,1.0,201,0.448495,0.28005354,-3.606,1.8629900000000001,3.49005,18.6,1.0,20.2,1.0,20.2,1.0,21.2,0.0,21.2,1.0,19.6,1.0,20.1,1.0,1.798
253.8,170,10.3,1.38,0.0,1060,0.1876052,0.043695994,-2.573,1.61077,10.5203,19.1,0.0,19.4,1.0,19.1,0.0,19.3,0.0,19.5,0.0,19.3,0.0,19.5,1.0,1.728
23.26,18,2.2,2.08,0.0,-1000.0,0.06504489,0.028764318,-3.766,2.2088400000000004,2.82973,19.1,0.0,20.5,0.0,19.0,0.0,19.9,0.0,19.8,0.0,20.2,0.0,21.6,0.0,2.9430000000000001
25.4,3.4,1.0,1.85,0.0,-1000.0,0.01212846,0.0014355032,0.005536,1.9530900000000002,3.69611,17.7,1.0,18.7,1.0,20.4,0.0,20.4,0.0,21.4,0.0,20.6,1.0,20.4,1.0,1.3805000000000001
101.20,85,12.4,2.27,0.0,882,0.3853548,0.1496862,-5.445,2.03824,2.59076,17.7,1.0,17.7,1.0,16.5,1.0,16.8,1.0,-1000.0,-1000.0,16.7,1.0,17.3,1.0,0.71626999999999996
106.8,13,0.7,1.7,0.0,296,0.013042395,0.005845995,-0.5722,1.80018,2.086314,21.1,0.0,-1000.0,-1000.0,20.4,0.0,20.5,0.0,21.3,1.0,20.6,0.0,-1000.0,-1000.0,0.29699999999999999
-1000.0,360,0.5,1.48,0.0,1200,0.5651686,0.18121877,-0.365,1.8121200000000002,1.3807,17.2,1.0,18.1,1.0,17.1,1.0,18.2,1.0,17.9,1.0,18.1,1.0,17.7,1.0,0.67700000000000005
290.0,73,0.9,1.68,0.0,848,0.07754639999999999,0.01625109,0.5636,2.55463,2.2404900000000003,20.2,0.0,20.7,0.0,20.6,0.0,20.6,0.0,20.9,0.0,20.8,0.0,21.7,0.0,3.1516000000000002
26.6,8.8,1.2,1.49,0.0,43.7,0.019535516,0.00984776,-4.058,2.1156900000000003,3.68767,18.7,0.0,20.0,0.0,19.2,0.0,19.7,0.0,20.0,0.0,19.9,0.0,19.4,1.0,2.8929999999999998
63.46,53,6.4,1.86,0.0,401,0.29127888,0.10396152,-3.275,1.9405299999999999,14.8112,19.0,0.0,19.7,0.0,19.2,0.0,21.0,0.0,19.8,0.0,20.6,0.0,21.8,0.0,4.9900500000000001
103,40,1.6,1.58,0.0,-1000.0,0.03665448,0.012004236,-3.926,1.95985,11.6984,20.8,0.0,22.2,0.0,20.9,0.0,20.9,0.0,21.2,0.0,20.4,0.0,-1000.0,-1000.0,3.3599999999999999
48,3.3,0.4,2.32,0.0,54.2,0.027400745,0.016034068,-3.897,2.33721,3.66861e-07,18.7,0.0,18.6,1.0,17.8,0.0,-1000.0,-1000.0,18.3,0.0,18.2,1.0,18.4,1.0,1.3480000000000001
385,47,1.1,1.84,0.0,354,0.07673925,0.021231245,-4.085,2.0478400000000003,2.45755,17.0,1.0,17.4,1.0,17.9,1.0,20.2,0.0,20.4,1.0,15.6,1.0,17.2,1.0,1.8580000000000001
38.8,60,11.0,1.15,0.0,584,0.1608164,0.0573116,1.287,1.85145,9.11048,16.9,1.0,17.8,1.0,18.8,0.0,18.7,0.0,19.2,0.0,18.3,1.0,17.6,1.0,2.8300000000000001
5.2,2.2,1.0,0.64,1.0,-1000.0,0.01954526,0.00926205,-0.9573,2.07738,0.751502,20.6,1.0,20.4,1.0,20.5,0.0,21.1,0.0,21.5,0.0,21.2,0.0,20.8,0.0,1.036
13.0,118,53.9,1.25,1.0,82.9,0.35489574,0.1681215,-0.5666,1.85342,11.8741,19.3,1.0,19.5,1.0,20.1,0.0,20.3,0.0,20.1,0.0,17.8,1.0,17.3,1.0,0.82240000000000002
10.0,100,1.35,0.88,1.0,205,0.27394282,0.0919154,-1.061,1.90907,1.36895,16.2,1.0,16.7,1.0,16.1,1.0,17.2,1.0,17.7,1.0,15.8,1.0,17.0,1.0,1.613
25.9,410,30.7,0.86,1.0,62.1,0.30682548,0.09138792,-1.017,1.89199,10.4926,18.7,1.0,18.0,1.0,-1000.0,-1000.0,-1000.0,-1000.0,-1000.0,-1000.0,19.6,0.0,19.5,1.0,1.77
48.0,59,1.6,1.83,0.0,109,0.23456141,0.05631555,-5.392,1.9643599999999999,3.69049,16.1,1.0,16.7,1.0,17.2,1.0,18.7,1.0,19.1,1.0,15.9,1.0,16.5,1.0,1.4607000000000001
257,170,3.6,1.8,0.0,1400,0.05419368,0.014733216,-7.987,1.93577,2.34655,15.7,1.0,17.1,1.0,18.2,1.0,19.8,1.0,19.8,1.0,15.5,1.0,17.0,1.0,2.2200000000000002
30.7,7.2,0.8,1.31,0.0,-1000.0,0.014666366,0.00788215,-0.7959,1.74543,1.04555e-05,20.0,0.0,21.3,0.0,-1000.0,-1000.0,20.4,0.0,20.8,0.0,20.3,0.0,21.8,0.0,2.339
24.8,20,2.1,1.76,0.0,-1000.0,0.10899578,0.0372514,-0.5936,2.0512099999999998,1.98373,-1000.0,-1000.0,-1000.0,-1000.0,-1000.0,-1000.0,-1000.0,-1000.0,-1000.0,-1000.0,-1000.0,-1000.0,-1000.0,-1000.0,0.61799999999999999
1088.0,19,0.0,1.82,0.0,236,0.05127542,0.005115693,0.7596,1.8161200000000002,1.311323,21.4,0.0,21.7,1.0,20.5,1.0,20.1,1.0,19.6,1.0,20.6,0.0,-1000.0,-1000.0,0.84699999999999998
34,21,0.6,1.56,0.0,96.8,0.0473974,0.028567298,-1.038,1.85684,0.314000000330492,17.5,1.0,18.7,1.0,17.4,1.0,18.1,1.0,18.0,1.0,17.2,1.0,17.5,1.0,0.55184999999999995
0.6,4.6,4.1,0.63,0.0,-1000.0,0.0001210944,0.000026662816,-1.94,1.53346,5.41159,19.7,0.0,20.3,0.0,21.0,0.0,20.2,0.0,20.9,0.0,20.5,0.0,21.4,0.0,0.71799999999999997
135,50,2.2,1.53,0.0,476,0.1827312,0.0882188,-2.351,2.44956,6.72472,19.2,0.0,20.5,0.0,-1000.0,-1000.0,-1000.0,-1000.0,-1000.0,-1000.0,20.4,0.0,21.4,0.0,0.41399999999999998
114.4,120,10.1,1.78,0.0,2340,0.11097593,0.023497346,-3.374,2.0281700000000003,9.1618,15.9,1.0,16.4,1.0,17.1,1.0,18.9,0.0,19.1,0.0,15.4,1.0,-1000.0,-1000.0,1.7270000000000001
439,21,0.8,1.52,0.0,-1000.0,0.40444250000000004,0.27774145,-0.6996,2.07397,3.0175,18.5,1.0,17.8,1.0,18.5,1.0,19.2,1.0,20.7,1.0,17.5,1.0,18.5,1.0,1.4084000000000001
2.9,20,10.9,0.73,1.0,131,0.032746956,0.014767674,-1.513,1.9113799999999999,2.22759,21.5,1.0,21.0,1.0,20.9,1.0,21.4,0.0,22.1,0.0,20.3,1.0,18.9,1.0,0.80489999999999995
174.5,90,2.5,1.47,0.0,618,1.0257732,0.36343398,0.1696,1.8941400000000002,0.787196,17.9,1.0,21.2,1.0,17.3,1.0,17.8,1.0,18.5,0.0,16.8,1.0,18.6,1.0,1.4399999999999999
12.1,17,3.5,1.55,0.0,-1000.0,0.021160965,0.006448505,-1.033,2.04379,3.94372,20.1,1.0,20.4,1.0,20.5,0.0,20.5,0.0,20.9,0.0,19.9,1.0,17.4,1.0,2.1059999999999999
198.5,380,5.1,1.18,0.0,2010,0.49929300000000004,0.1365831,-0.7973,1.90402,3.35678,20.0,0.0,20.3,0.0,20.6,0.0,20.6,0.0,20.1,0.0,20.0,0.0,21.1,0.0,1.5669999999999999
1.4,1.6,1.9,1.92,0.0,-1000.0,0.01544616,0.006768972,-1.057,1.94442,1.04041,18.3,0.0,18.9,0.0,17.9,0.0,18.1,0.0,18.9,0.0,18.1,1.0,19.7,0.0,1.288
0.036,0.25,0.5,2.67,1.0,-1000.0,0.00458406,0.003961542,-0.1871,1.7722,1.0800553475,19.5,0.0,20.1,0.0,19.6,0.0,19.3,0.0,20.3,0.0,20.2,0.0,21.4,0.0,0.10199999999999999
0.33,2.3,2.6,0.9,0.0,79.3,0.0003570171,0.00010624878,-1.554,2.40449,0.215000939284,20.3,0.0,21.9,0.0,20.6,0.0,20.5,0.0,21.5,0.0,20.5,0.0,22.6,0.0,0.45200000000000001
63.6,210,12.8,1.9,0.0,7490,0.5943417,0.2785454,-3.023,2.3024,19.2552,19.4,1.0,20.2,1.0,19.6,1.0,19.6,0.0,19.6,1.0,20.1,0.0,20.4,1.0,0.54200000000000004
39,50,5.4,1.87,0.0,615,0.45264234,0.22002318,-4.29,2.37643,12.8509,20.6,0.0,21.1,0.0,21.1,0.0,20.7,0.0,21.1,0.0,21.1,0.0,22.2,0.0,1.3979999999999999
84,14,0.6,1.62,0.0,-1000.0,0.02210393,0.011482741,-4.591,2.2572200000000002,11.2825,19.0,0.0,19.8,0.0,19.3,0.0,19.5,0.0,20.0,0.0,20.2,0.0,21.2,0.0,4.7720000000000002
37.0,4.7,1.4,2.42,0.0,311,0.0435699,0.016759017,-2.718,2.17077,0.342503,19.7,0.0,19.7,0.0,19.4,0.0,20.8,0.0,21.2,0.0,19.0,0.0,19.5,0.0,1.7549999999999999
104,15,0.4,1.83,0.0,209,0.0011673456,0.00017251104,-0.4677,1.65736,2.00385,19.2,0.0,20.1,0.0,19.7,0.0,19.1,0.0,20.0,0.0,20.1,0.0,21.2,0.0,2.4649999999999999
7.0,3.4,1.0,2.16,0.0,127,0.0739878,0.0580596,-4.131,2.26662,4.16329e-06,19.9,0.0,20.6,1.0,20.4,1.0,20.0,1.0,20.7,1.0,20.4,1.0,20.5,1.0,0.62390000000000001
-1000.0,3.0,0.1,2.29,0.0,238,0.08340964,0.018489923,-0.1201,2.49431,4.0484599999999995,-1000.0,-1000.0,-1000.0,-1000.0,-1000.0,-1000.0,-1000.0,-1000.0,-1000.0,-1000.0,-1000.0,-1000.0,-1000.0,-1000.0,0.0591
3.8,2.0,1.3,2.23,0.0,-1000.0,0.013269003,0.00638088,-0.9384,2.23535,2.58912,18.2,1.0,18.9,1.0,18.9,1.0,18.5,0.0,19.1,0.0,18.4,1.0,18.3,1.0,1.1799999999999999
7.0,8.2,2.3,1.46,0.0,-1000.0,0.016644088,0.007846588,-0.9639,2.1727,1.259556,20.4,0.0,20.7,0.0,21.1,0.0,21.1,0.0,21.2,0.0,20.6,0.0,21.3,0.0,3.1549999999999998
17.9,3.1,0.5,1.72,0.0,196,0.027310176000000002,0.015990552,-2.686,1.9307,5.3533000000000004e-05,18.8,0.0,19.5,0.0,19.4,0.0,19.2,0.0,19.6,0.0,20.1,0.0,21.2,0.0,4.8129999999999997
18.8,3.7,0.4,-1000.0,-1000.0,-1000.0,0.14046975,0.014096115,-1.775,1.58721,0.00266081,19.7,0.0,20.5,0.0,19.9,0.0,18.3,0.0,19.5,0.0,20.3,1.0,20.9,1.0,4.66723
48.0,-1000.0,0.5,1.13,1.0,175,0.0017184576,0.00035486784,-2.022,2.05576,0.5940337824,19.6,0.0,20.3,0.0,20.3,0.0,21.1,0.0,20.0,0.0,20.3,0.0,21.1,0.0,0.60399999999999998
0.3,0.93,2.9,0.88,0.0,0.240,-1000.0,-1000.0,3.5,2.3,1.1,19.8,0.0,19.9,0.0,20.1,0.0,20.8,0.0,20.9,0.0,19.9,0.0,20.4,0.0,0.91500000000000004
14.9,33,15.2,1.74,0.0,-1000.0,0.11065599999999999,0.04450142,-0.3223,2.03333,8.167910000000001,-1000.0,-1000.0,18.3,1.0,-1000.0,-1000.0,-1000.0,-1000.0,-1000.0,-1000.0,18.6,1.0,17.9,1.0,1.0632999999999999
7.1,90,46.5,2.05,0.0,-1000.0,2.047116,0.610428,-1.082,1.80187,0.756361,17.0,1.0,-1000.0,-1000.0,15.9,1.0,15.6,1.0,-1000.0,-1000.0,-1000.0,-1000.0,16.2,1.0,0.49043999999999999
48,16,1.3,1.31,0.0,-1000.0,0.025873236,0.012316572,-3.015,1.9635200000000002,7.869860000000001,19.9,0.0,20.4,0.0,20.5,0.0,20.4,0.0,20.6,0.0,20.9,0.0,19.8,1.0,3.0760000000000001
39.2,24,1.8,1.46,1.0,180,0.16721793,0.06591486,-3.707,2.11535,2.82219,17.8,1.0,19.0,1.0,19.3,0.0,18.7,0.0,20.4,0.0,18.4,1.0,18.7,1.0,2.7519999999999998
109.8,61,2.0,1.2,0.0,10,0.13180635,0.02893163,-1.944,1.49013,17.184,-1000.0,-1000.0,17.3,0.0,20.3,0.0,-1000.0,-1000.0,17.2,0.0,19.0,0.0,-1000.0,-1000.0,1.0920000000000001
34.6,37,4.2,1.53,0.0,301,0.14840932,0.05134136,-2.984,2.08587,5.0801300000000005,16.4,1.0,17.2,1.0,20.2,1.0,20.2,0.0,20.2,0.0,17.0,1.0,15.7,1.0,1.71
4.4,14,10.3,1.77,1.0,44,0.14420988,0.04153068,-0.4071,1.98015,1.55551,16.4,1.0,16.4,1.0,15.9,1.0,15.7,1.0,16.1,1.0,15.0,1.0,14.5,1.0,0.97099999999999997
2.2,2.0,2.0,1.8,0.0,-1000.0,0.05199994,0.020505774,-0.28,2.06549,1.04197,19.0,1.0,19.5,1.0,19.6,0.0,19.8,0.0,18.8,0.0,18.7,1.0,19.1,1.0,1.3700000000000001
109.7,73,3.2,0.52,1.0,315,0.05999079,0.023886003,-1.011,1.56483,13.9441,19.1,0.0,20.3,0.0,20.2,0.0,19.7,0.0,19.0,0.0,20.2,0.0,21.2,0.0,1.24
80,13,0.6,1.81,0.0,165,0.011438232,0.005363007,-2.229,1.7857599999999998,2.0610000000000002e-09,20.1,0.0,21.3,0.0,20.6,0.0,20.5,0.0,20.8,0.0,21.0,1.0,21.5,1.0,0.69599999999999995
66.7,58,3.6,1.24,0.0,495,0.11709094,0.04648606,-2.317,1.88559,5.99391,18.1,1.0,18.6,1.0,19.2,0.0,18.7,0.0,19.1,0.0,18.6,1.0,17.3,1.0,2.452
67.0,8.6,0.7,2.25,0.0,3800,0.023231400000000003,0.00786303,-1.389,2.4288,10.6388,19.9,1.0,20.8,1.0,20.6,0.0,20.6,0.0,21.0,0.0,20.9,0.0,20.6,1.0,2.71
266,57,3.8,1.57,0.0,419,0.09306745,0.0395682,-1.126,2.0253200000000002,8.28035,21.0,0.0,20.3,0.0,21.2,0.0,21.0,0.0,21.4,0.0,21.2,0.0,20.3,1.0,3.0
113.2,1050,38.9,1.42,1.0,31500,1.1235627000000001,0.36707151,-5.857,1.92363,1.83192,15.6,1.0,15.9,1.0,15.0,1.0,15.2,1.0,15.2,1.0,14.6,1.0,14.2,1.0,0.54000000000000004
48,11,2.5,1.61,0.0,64.2,0.10044405,0.04735185,-5.158,2.03975,0.811758,17.6,1.0,18.6,1.0,20.1,1.0,20.3,1.0,21.3,1.0,17.4,1.0,17.4,1.0,1.266
64,12,0.6,1.02,0.0,57.7,3.0197088e-05,0.0000046939488,-2.386,1.46604,13.5112,19.8,0.0,20.6,0.0,20.3,0.0,20.4,0.0,20.6,0.0,20.4,0.0,21.5,0.0,3.8500000000000001
210,90,1.6,1.84,0.0,1960,-1000.0,0.14,3.27,2.09,1.57,19.6,0.0,20.3,0.0,20.3,0.0,20.1,0.0,20.4,0.0,20.2,0.0,21.0,0.0,4.109
0.3,3.4,9.7,0.98,0.0,-1000.0,0.00471152,0.000922584,-0.6571,1.7510599999999998,0.439356,18.4,1.0,19.6,0.0,18.6,1.0,18.1,1.0,18.3,1.0,19.0,1.0,18.7,1.0,0.90300000000000002
1.2,1.8,2.4,1.93,0.0,-1000.0,0.024033443999999998,0.01149863,-0.945,2.0366400000000002,2.04663,19.0,1.0,18.9,1.0,19.9,0.0,19.6,0.0,19.8,0.0,18.1,1.0,17.5,1.0,2.609
48,210,71.0,1.19,1.0,654,0.8685105,0.36182094,-1.287,1.96315,4.2670699999999995,16.8,1.0,17.2,1.0,16.8,1.0,17.3,1.0,17.5,1.0,16.4,1.0,15.2,1.0,0.54400000000000004
10.3,5.9,1.7,0.8,1.0,-1000.0,0.04166331,0.013979004,-1.36,1.8158,56.4459,19.6,0.0,20.2,0.0,20.1,0.0,20.1,0.0,20.5,0.0,20.4,0.0,21.3,0.0,8.2599999999999998
56,46,1.9,1.48,0.0,105,0.11250812,0.032624602,-5.06,2.03408,10.5599,17.3,1.0,18.2,1.0,20.8,1.0,21.8,0.0,21.8,0.0,17.3,1.0,-1000.0,-1000.0,1.6080000000000001
260,23,0.3,1.85,0.0,277,0.47322109999999995,0.1605714,0.2867,2.0508900000000003,10.4769,21.3,0.0,21.9,0.0,22.2,0.0,21.8,0.0,22.0,0.0,22.0,0.0,22.6,0.0,0.34499999999999997
310,11,0.6,1.73,0.0,-1000.0,0.14996835,0.0924868,-2.079,2.34527,2.95403,19.2,0.0,19.9,0.0,19.3,0.0,19.4,0.0,19.7,0.0,19.6,0.0,21.0,0.0,1.4484999999999999
79,14,0.8,1.91,0.0,-1000.0,0.2803248,0.1192681,-0.9977,2.07619,27.6158,20.1,1.0,21.5,1.0,21.7,0.0,21.2,0.0,21.5,0.0,21.4,0.0,-1000.0,-1000.0,3.3736000000000002
8.8,1.9,0.5,2.15,0.0,-1000.0,0.022693265,0.00401506,-1.484,2.03416,6.57538,20.7,0.0,21.7,0.0,21.4,0.0,21.4,0.0,21.5,0.0,20.5,0.0,21.1,0.0,4.6497000000000002
9.1,7.6,2.5,1.6,0.0,81.3,0.031875012,0.011442024,0.02173,2.25448,3.1381900000000003,-1000.0,-1000.0,-1000.0,-1000.0,-1000.0,-1000.0,-1000.0,-1000.0,-1000.0,-1000.0,-1000.0,-1000.0,-1000.0,-1000.0,1.7493000000000001
27.0,0.68,5.5,1.36,0.0,60.9,0.18249756,0.05766978,-0.5003,1.76997,5.29373,17.0,1.0,18.3,1.0,19.9,0.0,19.6,0.0,20.4,0.0,17.8,1.0,18.0,1.0,1.5469999999999999
24,48,7.7,1.08,1.0,391,0.25648139999999997,0.0810257,-2.1,1.9929599999999998,2.97084,16.2,1.0,16.8,1.0,20.9,0.0,21.0,0.0,21.1,0.0,16.3,1.0,14.8,1.0,2.77
34,181,18.2,1.21,1.0,7360,0.17172379999999998,0.06286634,-1.403,2.4947,3.74385,20.7,0.0,21.5,0.0,21.5,0.0,21.5,0.0,21.3,0.0,21.6,0.0,21.4,0.0,2.2599999999999998
294,77,2.9,1.54,0.0,1780,0.06858810000000001,0.01521184,-2.132,2.03508,4.58954,13.3,1.0,13.5,1.0,14.8,1.0,17.5,0.0,17.1,1.0,13.0,1.0,14.5,1.0,2.0499999999999998
14,41,4.4,0.43,1.0,-1000.0,0.42342060000000004,0.13658254,-1.45,1.8953099999999998,1.04036,17.5,1.0,18.2,1.0,20.6,1.0,20.0,0.0,20.7,0.0,17.6,1.0,17.9,1.0,2.512
67,12,0.6,2.1,0.0,60.1,0.01078578,0.00698124,-4.315,2.54386,5.013569999999999e-06,19.7,0.0,20.8,0.0,20.2,0.0,19.8,0.0,20.2,0.0,20.4,0.0,21.5,0.0,2.5800000000000001
190,36,1.1,1.72,0.0,95,-1000.0,0.11,1.78,1.72,1.84,19.0,0.0,20.9,0.0,21.5,0.0,21.5,0.0,21.6,0.0,21.5,0.0,21.6,1.0,0.97870000000000001
270,21,0.5,1.43,0.0,-1000.0,0.056957600000000004,0.007489755,-0.4869,1.95818,3.1408400000000003,18.6,1.0,20.0,1.0,21.8,0.0,21.7,0.0,21.7,0.0,21.9,0.0,19.4,1.0,3.8479000000000001
260,37,0.5,1.25,0.0,110,-1000.0,-1000.0,0.5,2.51,0.8,20.2,1.0,20.1,1.0,19.0,0.0,18.7,0.0,19.0,0.0,21.2,1.0,20.0,0.0,3.0379999999999998
185.5,43,1.3,1.69,0.0,150,0.07461,0.018765324,0.6652,1.98207,1.37301,15.6,1.0,15.7,1.0,17.0,1.0,19.1,0.0,19.5,0.0,15.1,1.0,14.9,1.0,1.9682999999999999
10.0,7.1,2.6,2.51,0.0,153,0.14121013,0.05631807,-3.992,2.102,4.96658,17.5,1.0,19.1,1.0,19.3,0.0,18.8,0.0,18.8,0.0,18.5,1.0,17.0,1.0,0.52949999999999997
280,25,2.1,1.77,0.0,577,0.06198336,0.01471095,-2.364,2.13864,3.2385599999999997,18.0,1.0,18.4,1.0,18.6,1.0,19.4,0.0,19.8,0.0,17.9,1.0,19.0,1.0,1.6919
60,40,2.7,1.17,1.0,-1000.0,0.14086493,0.05244269,-1.32,1.8845299999999998,5.535080000000001,17.5,1.0,18.9,1.0,18.2,1.0,18.4,1.0,18.7,1.0,17.5,1.0,18.3,1.0,0.68869999999999998
8,5.6,1.4,0.46,1.0,-1000.0,0.0036919393,0.0014470212,-1.201,1.70843,0.894847,20.0,0.0,19.6,0.0,19.4,0.0,18.8,0.0,18.9,0.0,19.3,0.0,20.9,0.0,6.7329999999999997
106,46,2.0,1.34,0.0,426,0.10307385,0.028674756,-2.3,2.11482,2.82355,14.0,1.0,17.8,1.0,22.3,0.0,22.2,0.0,22.0,0.0,21.4,0.0,14.6,1.0,3.3603999999999998
78,25,1.1,1.53,0.0,209,0.04474225,0.021287321,-1.42,2.04224,11.4638,19.8,0.0,21.4,0.0,19.9,0.0,20.0,0.0,20.1,0.0,20.1,0.0,20.7,0.0,1.5042
34,36,3.1,1.19,0.0,55,0.0682385,0.028811486,-1.105,1.81617,1.36745,17.1,1.0,18.1,1.0,20.9,1.0,20.8,0.0,21.8,0.0,17.4,1.0,16.8,1.0,2.2044999999999999
16.2,120,20.9,1.11,0.0,50,0.618677,0.16855054,-0.6266,1.9433,6.27022,14.9,1.0,16.5,1.0,18.0,0.0,17.5,0.0,18.0,0.0,16.5,1.0,14.5,1.0,2.5914000000000001
120,14,1.0,1.47,0.0,-1000.0,0.06940045,0.015520295,-1.037,2.00149,0.789266,17.0,1.0,17.5,1.0,16.8,1.0,17.0,1.0,-1000.0,-1000.0,16.7,1.0,16.8,1.0,0.84540000000000004
27.1,5.2,1.0,1.77,0.0,35.9,0.0421036,0.018068015,-3.797,2.0712599999999997,3.6176199999999996,19.9,1.0,21.7,0.0,21.4,0.0,21.2,0.0,20.2,0.0,21.1,0.0,21.4,1.0,1.2322
79,240,23.1,1.31,0.0,4960,0.06214536,0.01937718,-2.348,2.03418,24.2029,19.4,1.0,21.2,0.0,20.8,0.0,20.5,0.0,20.8,0.0,20.9,0.0,19.7,1.0,3.0367999999999999
20,133,19.9,1.11,1.0,175,0.16468998,0.040702662,-0.6034,1.7467,5.47122,18.5,1.0,21.1,1.0,18.9,0.0,18.3,0.0,18.1,0.0,21.1,1.0,18.1,1.0,1.6403000000000001
82,8.0,0.4,1.78,0.0,89.3,0.010070928,0.006940836,-2.04,1.65441,0.297198,20.1,0.0,21.0,0.0,21.2,0.0,21.6,0.0,21.4,0.0,21.0,0.0,20.1,1.0,1.4171
60,24,3.5,1.21,1.0,1210,0.29307880000000003,0.15327338,-3.455,1.8344900000000002,2.0706900000000004,16.4,1.0,19.3,1.0,20.0,1.0,19.5,0.0,-1000.0,-1000.0,18.8,1.0,15.9,1.0,2.6892
2.8,0.55,0.5,2.9,0.0,-1000.0,0.00866392,0.004042805,-0.977,2.16955,15.0079,19.9,1.0,20.9,0.0,20.3,0.0,20.3,0.0,20.2,0.0,20.6,0.0,-1000.0,-1000.0,1.5457000000000001
16.2,12,2.6,1.73,0.0,126,0.22321908,0.09262728,-2.089,2.0354099999999997,3.29518,17.6,1.0,20.0,1.0,18.8,1.0,18.8,1.0,19.2,1.0,18.9,1.0,17.0,1.0,0.76700000000000002
8.0,32,18.7,1.26,1.0,-1000.0,0.19761515,0.08955702,-0.5658,1.9320599999999999,2.0573,17.6,1.0,18.8,1.0,17.4,1.0,18.0,1.0,17.9,1.0,17.6,1.0,16.6,1.0,1.1013999999999999
46,35,5.6,1.57,0.0,366,0.018960473999999998,0.00739041,-2.767,2.14652,5.81033,15.0,1.0,19.3,1.0,19.5,0.0,19.4,0.0,19.5,0.0,19.0,1.0,15.3,1.0,2.4329999999999998
56,264,43.2,1.75,0.0,44000,1.8023476999999999,0.6186326,-0.9866,1.9767400000000002,3.74016,18.0,1.0,17.4,1.0,-1000.0,-1000.0,-1000.0,-1000.0,18.4,1.0,16.4,1.0,17.0,1.0,1.0301
61,3.4,0.9,2.53,0.0,203,1.6798151999999997e-16,0.000000000000000000966896,-6.611,2.25433,4.90803,18.5,1.0,18.9,1.0,18.0,0.0,18.5,0.0,18.7,0.0,17.1,1.0,17.5,1.0,1.5119
128.4,49,1.4,1.68,0.0,543,0.053125,0.024730444,-1.968,2.27727,2.25923,19.3,0.0,20.6,0.0,21.8,0.0,21.1,0.0,20.1,0.0,20.9,0.0,20.6,0.0,1.78
34,36,5.2,1.37,0.0,10,0.20715288,0.05564812,1.5,1.61029,5.62826,18.0,1.0,19.0,1.0,20.0,0.0,19.6,0.0,19.9,0.0,19.0,1.0,18.8,1.0,1.9492
50,810,24.8,1.04,0.0,15600,0.4045594,0.08752274,-0.1254,1.8142599999999998,0.753587,-1000.0,-1000.0,13.3,1.0,12.4,1.0,13.3,1.0,13.3,1.0,12.4,1.0,-1000.0,-1000.0,0.93820000000000003
365,23,1.3,2.32,0.0,150,0.1092369,0.027023336,-2.731,2.0935200000000003,3.64273e-11,17.3,1.0,17.7,1.0,20.3,1.0,19.8,0.0,-1000.0,-1000.0,20.8,0.0,17.9,1.0,2.4274300000000002
45,18,1.6,1.77,0.0,-1000.0,0.03708408,0.014908971,-1.168,2.20008,13.0189,17.6,1.0,21.2,0.0,22.3,0.0,21.8,0.0,22.3,0.0,21.3,0.0,18.2,1.0,2.6419000000000001
340,61,1.0,1.17,1.0,817,0.06446102,0.017617536,0.214,2.4636400000000003,7.584569999999999,20.5,0.0,21.5,0.0,20.7,0.0,20.5,0.0,21.6,0.0,20.5,0.0,22.4,0.0,2.0857999999999999
48,8.9,0.2,1.34,0.0,-1000.0,0.07127758,0.025896224,-0.6411,2.00581,8.329139999999999,21.3,0.0,22.2,0.0,21.3,0.0,-1000.0,-1000.0,21.2,0.0,21.7,0.0,23.1,0.0,4.3490000000000002
1.8,2.2,1.6,0.99,0.0,95.9,0.0028962823999999997,0.0012472768,-0.8278,1.89838,0.45251199999999997,20.4,0.0,21.0,0.0,20.1,0.0,21.0,0.0,20.6,0.0,20.3,0.0,21.7,1.0,0.38100000000000001
68.7,5.8,0.4,1.77,0.0,69.4,4.1434974e-05,0.00000564816,-2.554,1.68343,1.89999e-05,21.2,0.0,19.6,0.0,19.2,0.0,18.7,0.0,18.8,0.0,19.4,0.0,20.8,1.0,1.1399999999999999
6.6,24,11.3,1.57,0.0,-1000.0,0.06507523,0.032613724,-0.8855,2.0457,11.0387,21.2,0.0,22.5,0.0,22.4,0.0,21.8,0.0,22.1,0.0,22.2,0.0,22.9,0.0,1.3308
15,30,8,1.09,0.0,125,0.031449936,0.009261924,-1.308,1.67267,0.366707,17.9,1.0,18.3,1.0,-1000.0,-1000.0,20.5,0.0,20.6,0.0,17.7,1.0,17.3,1.0,0.82269999999999999
180,9.0,0.5,2.42,0.0,522,0.021756813,0.009918051,1.5,1.78089,8.93255e-05,19.0,1.0,20.2,1.0,21.4,0.0,21.2,0.0,21.4,0.0,19.3,1.0,19.8,1.0,2.6918000000000002
109,65,1.6,1.79,0.0,911,0.05333658,0.014555607,-2.714,2.22663,1.177832,21.2,0.0,22.1,0.0,22.0,0.0,21.4,0.0,21.8,0.0,22.1,0.0,22.8,0.0,5.2000000000000002
4.2,23,8.4,1.11,0.0,179,0.31441815,0.10182285,-0.6625,1.59788,0.991799,-1000.0,-1000.0,-1000.0,-1000.0,-1000.0,-1000.0,-1000.0,-1000.0,-1000.0,-1000.0,-1000.0,-1000.0,-1000.0,-1000.0,2.1461999999999999
35.7,44,7.7,1.53,1.0,10,0.31349428,0.18927324,-0.6468,2.04061,1.9974299999999998,-1000.0,-1000.0,-1000.0,-1000.0,-1000.0,-1000.0,-1000.0,-1000.0,-1000.0,-1000.0,-1000.0,-1000.0,-1000.0,-1000.0,0.94699999999999995
6,2.0,0.8,2.33,0.0,-1000.0,0.07348473,0.07687614,0.8868,2.3349599999999997,13.7895,-1000.0,-1000.0,-1000.0,-1000.0,-1000.0,-1000.0,-1000.0,-1000.0,-1000.0,-1000.0,-1000.0,-1000.0,-1000.0,-1000.0,0.98499999999999999
150,83,6.3,1.36,0.0,-1000.0,0.30909846,0.0755687,-0.507,1.91015,0.7408680000000001,-1000.0,-1000.0,-1000.0,-1000.0,-1000.0,-1000.0,-1000.0,-1000.0,-1000.0,-1000.0,-1000.0,-1000.0,-1000.0,-1000.0,1.6043499999999999
11.0,6.9,1.9,2.04,0.0,10,0.024280386,0.00852074,-0.5234,2.17076,8.531080000000001,17.1,1.0,-1000.0,-1000.0,-1000.0,-1000.0,-1000.0,-1000.0,-1000.0,-1000.0,-1000.0,-1000.0,-1000.0,-1000.0,2.1699999999999999
1.3,1.0,1.2,1.69,0.0,3940,0.049408137000000005,0.032830797,-0.5239,1.37246,0.6400195845000001,19.1,0.0,20.4,0.0,20.6,0.0,21.0,0.0,20.6,0.0,20.6,0.0,-1000.0,-1000.0,0.21870000000000001
16.4,2.8,0.4,1.79,0.0,-1000.0,0.020209511,0.01085987,-0.7961,1.9901400000000002,8.19885,19.9,0.0,21.2,0.0,19.7,0.0,19.8,0.0,21.1,0.0,19.5,0.0,21.2,0.0,2.4540999999999999
0.4,0.3,1.0,1.81,0.0,64.4,7.968597e-06,0.0000010768191,-2.566,1.64009,1.2966,19.5,0.0,20.3,0.0,20.4,0.0,20.4,0.0,20.7,0.0,20.0,0.0,20.4,0.0,0.45710000000000001
340,36,1.5,1.34,0.0,-1000.0,0.037269792,0.00624792,-4.915,1.52512,7.84755,16.7,1.0,18.4,0.0,18.8,0.0,18.9,0.0,18.8,0.0,18.5,0.0,16.8,1.0,3.6297999999999999
64,7.2,2.7,1.36,0.0,243,0.004316754,0.0012103026,-1.63,2.07429,4.3976,20.3,1.0,19.2,0.0,20.1,1.0,20.0,1.0,20.5,1.0,19.2,0.0,20.9,1.0,0.92249999999999999
368.800,106.00,1.51,1.69,0.0,-1000.0,-1000.0,-1000.0,-1000.0,-1000.0,-1000.0,-1000.0,-1000.0,-1000.0,-1000.0,-1000.0,-1000.0,-1000.0,-1000.0,-1000.0,-1000.0,-1000.0,-1000.0,-1000.0,-1000.0,0.61699999999999999
12.200,3.91,0.82,1.66,0.0,5610,0.01543028,0.00635056,-1.138,1.7996900000000002,3.58219e-06,-1000.0,-1000.0,-1000.0,-1000.0,19.1,1.0,19.6,0.0,19.9,0.0,-1000.0,-1000.0,19.1,1.0,2.0394000000000001
109.200,25.70,1.43,1.34,0.0,4,0.034571205,0.012720645,-7.742,1.9799900000000001,36.5193,17.1,1.0,18.8,0.0,20.5,0.0,20.8,0.0,21.0,0.0,20.1,0.0,-1000.0,-1000.0,2.4996
20.900,196.00,24.10,1.1,1.0,159,0.27251023,0.07554639,-0.2628,1.82568,7.81747,19.7,1.0,19.6,0.0,18.2,0.0,-1000.0,-1000.0,18.6,0.0,17.8,0.0,19.8,1.0,0.81999999999999995
4.300,2.10,0.96,1.73,0.0,25.3,0.14027144,0.0945646,-0.5054,2.0331200000000003,6.57188,19.1,1.0,19.8,1.0,20.4,0.0,-1000.0,-1000.0,20.4,0.0,19.6,0.0,19.7,1.0,2.3090000000000002
0.470,0.63,1.76,1.72,0.0,0.699,0.0023801462,0.0011558538,-0.9259,3.00655,6.34239,19.3,1.0,20.5,1.0,22.4,0.0,22.0,0.0,22.4,0.0,21.8,0.0,21.6,1.0,0.90229999999999999
115.600,5.58,0.20,2.35,0.0,375,3.6989820000000003e-07,0.000000020853049,-1.954,2.18444,4.44549,20.0,1.0,18.7,0.0,-1000.0,-1000.0,-1000.0,-1000.0,-1000.0,-1000.0,19.1,0.0,-1000.0,-1000.0,0.97050000000000003
121.500,27.00,0.91,1.72,0.0,510,0.05646576,0.02344524,-1.127,2.2428,20.9602,17.4,1.0,19.0,1.0,20.8,0.0,21.3,0.0,20.3,0.0,19.8,0.0,18.7,1.0,2.9538000000000002
74.600,24.80,1.76,1.42,0.0,261,0.12982076,0.06677219,-0.773,1.97117,7.544460000000001,15.4,1.0,16.2,1.0,16.8,1.0,17.9,1.0,18.0,1.0,15.8,1.0,15.5,1.0,0.8397
209.500,53.80,4.07,1.66,0.0,1280,0.9214604999999999,0.213021,-3.208,1.94468,27.6984,20.5,0.0,21.5,0.0,19.0,0.0,18.7,0.0,19.5,0.0,21.0,0.0,20.7,0.0,1.49594
47.700,4.45,0.90,1.94,0.0,1.04,0.0377321,0.01445409,0.8914,2.20341,7.32362,-1000.0,-1000.0,-1000.0,-1000.0,-1000.0,-1000.0,-1000.0,-1000.0,-1000.0,-1000.0,-1000.0,-1000.0,-1000.0,-1000.0,1.165
460.600,29.80,0.55,2.01,0.0,330,0.1187844,0.05312545,-3.438,2.27617,1.635154,20.7,0.0,21.4,0.0,22.2,0.0,22.0,0.0,22.0,0.0,21.3,0.0,20.8,0.0,2.3384
88.400,16.20,0.60,1.58,0.0,213,0.07079345,0.044737,-2.471,2.08596,2.50592,20.3,1.0,20.9,1.0,20.8,0.0,21.1,0.0,20.9,0.0,20.4,1.0,20.0,1.0,2.3521000000000001
18.600,3.38,1.04,1.95,0.0,-1000.0,0.015546028,0.004954592,0.09025,2.31333,3.3214699999999997,20.8,0.0,21.3,0.0,21.5,0.0,21.4,0.0,21.0,0.0,21.6,0.0,20.7,0.0,2.6208
40.000,22.40,1.59,1.97,0.0,130,6.826752e-05,0.000010216704,-3.371,1.91478,42.8659,19.7,0.0,20.2,0.0,19.7,0.0,19.9,0.0,18.6,0.0,19.9,0.0,-1000.0,-1000.0,3.355
71.400,79.90,8.53,1.35,0.0,1510,0.8398588,0.31370252,-4.288,1.9274799999999999,36.8645,19.6,0.0,20.8,0.0,19.2,0.0,19.3,0.0,19.3,0.0,19.4,0.0,20.0,0.0,2.0880000000000001
0.210,0.42,1.49,0.86,0.0,0.0460,-1000.0,0.0265,0.35,9.998,0.451,20.3,0.0,20.2,0.0,19.7,0.0,20.4,0.0,20.6,0.0,19.8,0.0,20.6,0.0,0.82699999999999996
85.300,11.10,5.31,1.56,0.0,-1000.0,0.16253094,0.0429156,-1.707,2.85715,7.35053,-1000.0,-1000.0,-1000.0,-1000.0,-1000.0,-1000.0,-1000.0,-1000.0,-1000.0,-1000.0,-1000.0,-1000.0,-1000.0,-1000.0,0.40949999999999998
70.800,67.70,9.76,1.32,0.0,-1000.0,0.3262688,0.11468996,-1.34,1.9179400000000002,2.40205,19.2,1.0,19.7,1.0,19.3,1.0,19.7,1.0,20.0,0.0,19.5,1.0,18.5,1.0,1.1588000000000001
81.300,137.00,21.10,1.41,0.0,1840,0.6089238,0.192577,-3.883,1.9018099999999998,5.6691199999999995,17.0,1.0,17.7,1.0,19.6,1.0,19.8,1.0,20.4,1.0,17.2,1.0,16.2,1.0,1.3145
134.000,13.30,0.45,1.03,0.0,0.099,0.00364004,0.000966909,-1.699,2.21817,28.9432,20.1,0.0,21.5,0.0,20.5,0.0,20.6,0.0,20.9,0.0,21.0,0.0,21.0,0.0,3.4344000000000001
40.700,10.60,0.53,1.67,0.0,522,0.009910200000000001,0.00601252,0.03692,1.82722,3.74857e-05,20.4,0.0,20.5,0.0,19.7,0.0,20.5,0.0,20.3,0.0,20.2,0.0,-1000.0,-1000.0,0.75780000000000003
46.200,29.60,6.11,1.3,0.0,268,0.32195809,0.14521797,-2.008,1.99282,0.743722,16.7,1.0,19.1,1.0,17.9,1.0,17.6,1.0,18.0,1.0,18.1,1.0,15.0,1.0,0.3463
75.300,444.00,14.60,1.03,0.0,3360,0.10166368,0.03237049,-1.952,1.9982400000000002,5.519019999999999,12.8,1.0,14.4,1.0,14.8,1.0,16.1,1.0,16.7,1.0,14.1,1.0,-1000.0,-1000.0,1.2622
129.900,14.20,5.24,1.72,0.0,10,0.016575435,0.0090189,-0.7801,1.86722,2.019986,20.8,0.0,21.2,0.0,21.5,0.0,21.6,0.0,21.1,0.0,21.8,0.0,-1000.0,-1000.0,0.43769999999999998
22.500,11.30,2.70,0.9,1.0,-1000.0,0.006391904,0.0015162266,-0.7342,1.9485599999999998,12.7969,18.0,0.0,20.9,0.0,21.4,0.0,20.4,0.0,19.8,0.0,20.5,0.0,19.6,0.0,5.4635999999999996
8.000,2.19,1.09,2.54,0.0,10,0.0161496,0.005608116,-0.07073,2.0044299999999997,31.625999999999998,19.0,0.0,20.6,0.0,20.4,0.0,20.4,0.0,20.1,0.0,20.8,0.0,-1000.0,-1000.0,3.2086000000000001
5.000,13.50,8.58,1.74,0.0,10,0.02826868,0.0122934,-1.067,1.8948,2.33014,17.4,1.0,19.5,1.0,18.5,1.0,19.3,1.0,19.5,0.0,17.6,1.0,16.0,1.0,0.93700000000000006
19.300,28.00,3.03,1.0,1.0,49.8,0.02019787,0.00606949,-0.5268,2.13395,6.44944,16.8,1.0,18.4,1.0,18.6,1.0,18.5,0.0,19.0,0.0,17.0,1.0,15.0,1.0,1.8835999999999999
171.500,16.20,2.44,1.64,0.0,42.9,0.04547384,0.01532217,-0.7618,2.18877,3.9014699999999998,18.6,1.0,18.9,1.0,18.7,1.0,18.8,1.0,18.9,1.0,18.3,1.0,-1000.0,-1000.0,0.70289999999999997
145.300,146.00,7.27,1.53,0.0,5670,0.27775279999999997,0.070448,-1.955,2.11591,10.1577,20.3,0.0,21.5,0.0,20.5,0.0,20.5,0.0,20.0,0.0,21.0,0.0,21.3,0.0,1.9229000000000001
0.490,0.80,1.27,0.47,0.0,-1000.0,1.9232488e-15,0.000000000000000004697616,-0.8536,1.67701,2.98945,20.1,0.0,20.6,0.0,20.3,0.0,20.2,0.0,20.4,0.0,20.3,0.0,20.8,0.0,1.1304000000000001
115.300,26.10,1.17,1.75,0.0,7700,1.7049378000000002,0.8136226,-4.71,2.02393,0.913472,17.3,1.0,18.3,1.0,17.4,1.0,17.7,1.0,18.0,1.0,17.3,1.0,16.6,1.0,0.54279999999999995
66.900,15.00,2.16,1.91,0.0,300,0.05378834,0.020716404,-6.44,2.5706700000000002,3.3409800000000005,19.2,0.0,21.1,0.0,20.5,0.0,21.1,0.0,21.1,0.0,19.8,0.0,19.8,0.0,1.532
115.000,28.30,1.28,1.93,0.0,1000,0.08261892,0.03048066,1.5,2.04425,10.2942,18.6,1.0,19.7,0.0,20.6,0.0,-1000.0,-1000.0,-1000.0,-1000.0,20.5,0.0,19.3,1.0,2.7107999999999999
108.700,204.00,11.50,2.02,0.0,6000,0.550962,0.20174922,1.5,1.8954400000000002,0.325209,19.5,1.0,19.9,1.0,18.3,1.0,18.0,1.0,18.2,1.0,18.8,1.0,18.3,1.0,0.12540000000000001
102.200,25.50,1.40,1.47,0.0,327,0.11208599999999999,0.00758268,-1.095,1.61002,6.253830000000001,15.3,1.0,19.1,1.0,18.8,0.0,20.4,0.0,19.9,0.0,18.8,1.0,15.9,1.0,3.0749
79.100,6.97,0.46,1.55,0.0,0.999,0.03695148,0.003680676,-1.745,2.02128,5.93387,16.5,1.0,20.0,1.0,20.2,0.0,20.7,0.0,19.9,0.0,21.1,0.0,17.6,1.0,3.7730000000000001
95.000,4.02,0.34,2.01,0.0,293,0.0842095,0.03245334,-3.121,2.1711,9.773060000000001,21.2,1.0,21.2,1.0,22.1,1.0,21.1,0.0,19.8,0.0,21.1,1.0,18.3,1.0,2.1356999999999999
298.200,12.60,1.67,2.01,0.0,35.8,0.08994752,0.023567942,-1.541,1.90677,1.29284e-05,17.2,1.0,18.2,1.0,19.1,0.0,19.0,0.0,19.6,0.0,19.1,0.0,17.6,1.0,3.2212999999999998
71.100,11.40,0.55,1.56,0.0,10,0.015938384,0.00685967,-3.774,2.1794,35.5534,20.1,0.0,20.7,0.0,22.0,0.0,21.9,0.0,21.7,0.0,21.0,0.0,19.6,1.0,5.1100000000000003
8.500,2.32,0.88,2.48,0.0,26,0.01510587,0.00614778,-2.193,2.7016299999999998,2.3234e-05,15.8,1.0,19.5,1.0,21.0,0.0,21.1,0.0,21.0,0.0,19.4,1.0,16.3,1.0,2.1000000000000001
4,9.44,2.65,1.29,0.0,-1000.0,0.08191232,0.031957947,-1.206,1.68055,1.2741799999999999,19.1,0.0,20.2,0.0,19.8,0.0,20.1,0.0,21.0,0.0,19.9,0.0,-1000.0,-1000.0,0.088900000000000007
0.131,0.40,0.62,0.98,0.0,-1000.0,0.00019095832999999998,0.00008744979,-1000.0,3.0657900000000002,2.12759,20.2,0.0,20.6,0.0,21.2,0.0,21.3,0.0,21.2,0.0,21.0,0.0,20.4,0.0,0.28699999999999998
28.400,23.10,1.69,1.46,0.0,130,0.20697444,0.08671104,-2.853,2.02719,2.86367,18.7,1.0,20.0,1.0,-1000.0,-1000.0,20.8,0.0,-1000.0,-1000.0,20.8,1.0,18.5,1.0,1.5025999999999999
57.900,8.23,0.66,0.8,1.0,233,0.02832053,0.013596765,-4.467,2.024,0.133000635241,19.5,1.0,21.4,0.0,20.6,0.0,20.6,0.0,20.2,0.0,21.1,0.0,19.7,1.0,0.34799999999999998
103.100,83.30,6.52,1.7,0.0,1600,0.049430400000000006,0.0146032,-1.545,1.94118,4.50436,14.9,1.0,16.2,1.0,16.4,1.0,17.3,1.0,20.4,0.0,15.8,1.0,14.3,1.0,1.49
10.600,2.64,1.09,2.33,0.0,-1000.0,0.0782523,0.031768506,-1.118,2.2574,4.47865,19.9,0.0,20.2,0.0,19.8,0.0,19.9,0.0,20.2,0.0,20.0,0.0,20.7,0.0,1.1719999999999999
61.200,21.30,5.97,1.8,0.0,119,0.10513835,0.04457971,-3.915,2.28823,4.166119999999999,20.1,0.0,20.7,0.0,-1000.0,-1000.0,-1000.0,-1000.0,-1000.0,-1000.0,21.0,0.0,19.3,0.0,1.55
11.300,6.73,1.35,1.74,0.0,-1000.0,0.0035939222,0.0014049588,-1.204,2.01015,31.4649,17.7,1.0,20.2,0.0,20.4,0.0,20.9,0.0,21.1,0.0,20.4,0.0,-1000.0,-1000.0,4.4100000000000001
2100,15.70,0.25,2.26,0.0,-1000.0,0.03869478,0.015699528,0.6494,3.52495,3.9785199999999996,17.8,1.0,17.7,1.0,16.2,1.0,16.1,1.0,-1000.0,-1000.0,16.0,1.0,-1000.0,-1000.0,0.033419999999999998
255.000,76.60,2.72,1.53,0.0,461,0.5142445,0.18410275,-1.261,2.08163,24.4198,20.1,0.0,21.3,0.0,20.8,0.0,21.1,0.0,21.5,0.0,20.6,0.0,21.4,0.0,3.9121999999999999
7.600,8.31,2.79,1.2,1.0,-1000.0,0.21179004,0.07197168,-0.8127,2.20424,21.8607,18.8,1.0,21.3,1.0,20.6,0.0,21.3,0.0,22.0,0.0,21.5,0.0,-1000.0,-1000.0,4.0559000000000003
198.900,21.30,0.51,1.71,0.0,2460,0.10293738,0.05170414,-3.455,2.7863700000000002,5.13213,19.6,0.0,20.5,0.0,18.7,0.0,19.2,0.0,19.0,0.0,19.1,0.0,-1000.0,-1000.0,0.78300000000000003
750,4.61,0.89,1.84,0.0,-1000.0,1.0246626,0.35629776,-0.2471,2.00895,8.265410000000001,17.0,1.0,-1000.0,-1000.0,-1000.0,-1000.0,-1000.0,-1000.0,-1000.0,-1000.0,-1000.0,-1000.0,-1000.0,-1000.0,2.2999999999999998
139.600,17.10,0.87,1.0,1.0,406,0.05621616,0.02030076,-3.09,2.10553,2.7136400000000003,19.5,0.0,20.4,0.0,19.4,0.0,19.5,0.0,19.7,0.0,19.3,0.0,19.8,0.0,3.5327999999999999
1.400,11.50,12.00,1.39,0.0,-1000.0,0.078128,0.025704872,-1.501,2.0589,1.8790900000000001,19.2,0.0,20.8,0.0,20.2,1.0,20.7,0.0,20.7,0.0,20.2,0.0,19.2,0.0,0.5464
9.000,1.77,0.49,1.53,0.0,-1000.0,0.00044220556900000004,0.000127732906,-1.592,1.6349799999999999,3.444242,20.5,0.0,19.5,0.0,21.0,0.0,21.0,0.0,23.2,0.0,19.6,0.0,19.4,0.0,0.48099999999999998
46.100,40.80,2.66,1.32,0.0,-1000.0,0.030472058,0.008770402,-1.596,2.2301900000000003,6.193919999999999,19.3,1.0,20.3,1.0,20.2,1.0,20.9,0.0,20.6,0.0,20.0,1.0,-1000.0,-1000.0,1.54948
14.300,2.56,0.55,1.97,0.0,-1000.0,0.018349422,0.008486556,-3.872,2.12549,2.3303599999999998,20.8,0.0,-1000.0,-1000.0,-1000.0,-1000.0,-1000.0,-1000.0,-1000.0,-1000.0,-1000.0,-1000.0,-1000.0,-1000.0,0.080000000000000002
37.200,22.00,3.94,1.51,0.0,61181000000000,0.2852088,0.1093708,-3.126,2.06584,9.34485,16.4,1.0,-1000.0,-1000.0,-1000.0,-1000.0,-1000.0,-1000.0,-1000.0,-1000.0,-1000.0,-1000.0,-1000.0,-1000.0,2.3460000000000001
4.000,1.70,1.30,2.4,0.0,-1000.0,0.09126108,0.035120395,-5.833,1.8948200000000002,5.18403,20.5,0.0,22.0,1.0,21.7,1.0,21.0,0.0,22.8,1.0,20.9,1.0,-1000.0,-1000.0,0.93640000000000001
34.800,13.40,1.62,1.51,0.0,-1000.0,0.0024420635999999997,0.000694096,-1.612,2.2448900000000003,6.23912,20.5,0.0,20.9,0.0,21.0,0.0,21.3,0.0,21.6,0.0,20.4,0.0,-1000.0,-1000.0,1.0589999999999999
189.100,17.40,0.49,2.05,0.0,-1000.0,0.022298288,0.012090536,-2.044,2.34019,1.67983,20.1,0.0,21.2,0.0,20.9,0.0,21.5,0.0,21.4,0.0,21.0,0.0,-1000.0,-1000.0,2.4296000000000002
4.500,16.20,7.26,1.37,0.0,-1000.0,0.05654682,0.017632164,-1.046,2.2119,2.8139,14.6,1.0,15.8,1.0,17.7,1.0,18.8,0.0,19.3,0.0,15.0,1.0,-1000.0,-1000.0,2.1995
52.000,8.50,0.77,1.39,0.0,-1000.0,0.027171515,0.01251761,-0.9934,2.2121,1.060869,20.3,0.0,20.6,0.0,20.5,0.0,20.2,0.0,19.6,0.0,20.9,0.0,-1000.0,-1000.0,2.5272999999999999
19.400,4.83,0.70,1.88,0.0,-1000.0,0.006362136,0.0024942755,-1.2,2.74883,3.8548299999999996e-07,19.3,1.0,21.1,0.0,19.1,0.0,20.9,0.0,20.6,0.0,19.5,0.0,-1000.0,-1000.0,3.3466999999999998
174.200,48.30,0.62,1.25,0.0,-1000.0,0.025411581000000003,0.006238947,-1.537,1.9081299999999999,24.7677,20.9,0.0,21.9,0.0,21.1,0.0,21.4,0.0,21.4,0.0,21.6,0.0,-1000.0,-1000.0,6.2949999999999999
35.500,4.13,0.38,1.16,0.0,-1000.0,0.016385021,0.006933965,-1.102,2.45742,9.1381,19.4,0.0,21.2,0.0,19.7,0.0,19.3,0.0,20.3,0.0,19.0,0.0,-1000.0,-1000.0,0.29599999999999999
22.600,2.66,0.50,2.76,0.0,-1000.0,0.06749762,0.04012058,-0.6668,1.9470900000000002,0.935034,20.0,1.0,20.8,1.0,19.8,1.0,19.3,1.0,20.7,0.0,19.5,1.0,-1000.0,-1000.0,0.82779999999999998
103.400,24.60,2.24,2.37,0.0,-1000.0,0.17087105,0.07507535,-3.357,2.1128,0.8553149999999999,19.5,0.0,19.7,0.0,20.0,0.0,20.6,0.0,20.0,0.0,19.4,0.0,-1000.0,-1000.0,1.4339999999999999
26,34.40,2.45,1.25,0.0,-1000.0,0.9154947,0.36135421,-2.206,1.96878,4.16529,18.2,1.0,19.0,1.0,20.4,1.0,-1000.0,-1000.0,21.0,0.0,18.3,1.0,-1000.0,-1000.0,2.6147
37.700,3.50,0.38,2.71,0.0,-1000.0,0.013623834,0.007496898,-3.747,2.17698,0.856984,18.1,0.0,-1000.0,-1000.0,-1000.0,-1000.0,-1000.0,-1000.0,-1000.0,-1000.0,-1000.0,-1000.0,-1000.0,-1000.0,2.5043000000000002
19.000,20.00,2.75,1.54,0.0,-1000.0,0.1136577,0.03960021,1.092,1.8557,1.81483,17.0,1.0,17.6,1.0,17.0,1.0,18.7,1.0,20.7,1.0,16.8,1.0,-1000.0,-1000.0,1.7101999999999999
49.900,19.40,1.38,0.9,0.0,-1000.0,0.035289601000000004,0.008314418,-0.9386,2.0163,0.793592,17.3,1.0,19.3,0.0,19.2,0.0,19.4,0.0,19.8,0.0,19.2,0.0,-1000.0,-1000.0,0.1646
96.000,9.98,3.26,1.89,0.0,-1000.0,0.007006996,0.0030381528,-0.007711,1.80056,1.4337600000000001,18.8,0.0,-1000.0,-1000.0,-1000.0,-1000.0,-1000.0,-1000.0,-1000.0,-1000.0,-1000.0,-1000.0,-1000.0,-1000.0,0.25700000000000001
12.400,63.60,21.50,1.16,0.0,-1000.0,0.22835196,0.06013044,-1.71,2.0182900000000004,4.2663400000000005,18.2,1.0,-1000.0,-1000.0,-1000.0,-1000.0,-1000.0,-1000.0,-1000.0,-1000.0,-1000.0,-1000.0,-1000.0,-1000.0,2.8210000000000002
8.800,153.00,41.70,1.0,1.0,-1000.0,0.12030419999999999,0.035933636,-0.6771,2.08914,1.90021,14.9,1.0,16.5,1.0,15.6,1.0,15.7,1.0,16.6,1.0,15.3,1.0,-1000.0,-1000.0,0.60599999999999998
0.073,0.09,0.28,1.57,0.0,-1000.0,0.0021073572,0.0015000843,-0.4357,1.8848599999999998,0.7666229999999999,21.1,0.0,21.8,0.0,22.3,0.0,22.2,0.0,22.7,0.0,21.8,0.0,-1000.0,-1000.0,0.22489999999999999
58.900,24.90,1.85,1.41,0.0,-1000.0,0.2662038,0.07249716,-0.2124,2.01835,17.0071,19.8,0.0,20.5,0.0,20.8,0.0,21.1,0.0,21.2,0.0,20.2,0.0,-1000.0,-1000.0,4.2747999999999999
2.500,3.67,4.88,3.08,0.0,-1000.0,0.08469760000000001,0.0412748,-0.6973,2.06183,5.64454,19.3,1.0,19.8,1.0,-1000.0,-1000.0,-1000.0,-1000.0,-1000.0,-1000.0,19.3,1.0,-1000.0,-1000.0,0.65280000000000005
152.500,13.10,1.52,2.02,0.0,-1000.0,0.33686135,0.1159018,-0.529,2.01045,0.8656739999999999,17.5,1.0,18.8,1.0,-1000.0,-1000.0,-1000.0,-1000.0,-1000.0,-1000.0,19.0,0.0,-1000.0,-1000.0,3.2425000000000002
32,10.80,3.16,1.9,0.0,-1000.0,0.08275824,0.019386828,-1.12,1.98053,0.844534,19.7,1.0,20.0,1.0,21.5,0.0,22.1,0.0,22.0,0.0,20.5,1.0,-1000.0,-1000.0,1.4436
95.600,32.20,1.93,2.11,0.0,-1000.0,0.35486262,0.20569058,-4.465,1.99544,8.2573,18.5,0.0,-1000.0,-1000.0,-1000.0,-1000.0,-1000.0,-1000.0,-1000.0,-1000.0,-1000.0,-1000.0,-1000.0,-1000.0,1.95
22.500,6.36,0.69,1.85,0.0,-1000.0,0.012110821,0.006444152,-0.8087,1.7978299999999998,0.00131696,-1000.0,-1000.0,-1000.0,-1000.0,-1000.0,-1000.0,-1000.0,-1000.0,-1000.0,-1000.0,-1000.0,-1000.0,-1000.0,-1000.0,0.58399999999999996
23.700,41.10,3.53,0.1,1.0,-1000.0,0.06723288,0.03660156,-2.959,1.57988,1.185482,20.7,0.0,21.5,0.0,21.7,0.0,20.8,0.0,21.0,0.0,21.6,0.0,-1000.0,-1000.0,0.21149999999999999
24.800,8.38,0.71,1.34,0.0,-1000.0,0.008133609,0.003072399,-1.248,2.25175,5.536580000000001e-08,-1000.0,-1000.0,-1000.0,-1000.0,-1000.0,-1000.0,-1000.0,-1000.0,-1000.0,-1000.0,-1000.0,-1000.0,-1000.0,-1000.0,1.29
